,time,summary,precipIntensity,precipProbability,temperature,apparentTemperature,dewPoint,humidity,windSpeed,windGust,windBearing
0,1107302400,Clear,0.0,0.0,53.56,53.56,14.0,0.21,7.43,12.61,83.0
1,1122681600,Clear,0.0,0.0,83.02,83.02,49.73,0.32,5.84,13.98,255.0
2,1119830400,Clear,0.0,0.0,77.15,77.15,43.08,0.3,11.82,20.49,215.0
3,1128729600,Clear,0.0,0.0,59.39,59.39,48.47,0.67,3.71,9.55,282.0
4,1124064000,Clear,0.0,0.0,66.67,66.67,55.12,0.66,7.87,15.59,202.0
5,1149984000,Clear,0.0,0.0,70.97,70.97,55.34,0.58,7.8,16.65,222.0
6,1153699200,Clear,0.0,0.0,85.91,85.91,54.06,0.34,3.22,11.58,258.0
7,1152921600,Clear,0.0,0.0,89.12,89.12,55.41,0.32,5.82,12.94,285.0
8,1157328000,Clear,0.0,0.0,95.87,95.87,46.26,0.18,8.41,17.87,235.0
9,1154563200,Clear,0.0,0.0,76.02,76.02,44.31,0.32,2.79,8.76,235.0
10,1157328000,Clear,0.0,0.0,89.73,89.73,45.05,0.21,8.86,18.29,231.0
11,1150243200,Possible Light Rain,0.0277,0.62,59.45,59.45,51.73,0.76,1.58,7.93,182.0
12,1154908800,Clear,0.0,0.0,89.84,89.84,50.3,0.26,6.31,11.84,143.0
13,1177545600,Clear,0.0,0.0,62.66,62.66,33.4,0.33,6.69,14.05,328.0
14,1182556800,Clear,0.0,0.0,90.33,90.33,36.82,0.15,11.44,19.86,243.0
15,1187654400,Clear,0.0,0.0,88.35,88.35,32.75,0.14,5.67,12.82,267.0
16,1184025600,Clear,0.0,0.0,75.63,75.63,47.38,0.37,4.31,10.9,254.0
17,1191456000,Clear,0.0,0.0,55.71,55.71,30.15,0.37,5.38,14.67,216.0
18,1190332800,Clear,0.0,0.0,62.7,62.7,43.33,0.49,2.99,10.35,117.0
19,1189468800,Clear,0.0,0.0,85.89,85.89,41.4,0.21,7.55,12.83,244.0
20,1214092800,Clear,0.0005,0.07,79.94,79.94,41.71,0.26,6.49,20.51,226.0
21,1214092800,Clear,0.0,0.0,74.18,74.18,47.99,0.4,4.1,9.09,148.0
22,1214611200,Clear,0.0,0.0,88.27,88.27,49.41,0.26,2.16,7.37,235.0
23,1217980800,Clear,0.0,0.0,86.68,86.68,27.84,0.12,9.31,19.18,232.0
24,1222041600,Clear,0.0,0.0,59.2,59.2,36.95,0.43,4.0,10.79,338.0
25,1223337600,Clear,0.0,0.0,68.07,68.07,32.11,0.26,1.7,8.65,302.0
26,1217289600,Clear,0.0,0.0,76.16,76.16,52.88,0.44,8.61,12.98,228.0
27,1243814400,Clear,0.0,0.0,78.69,78.69,46.76,0.32,3.05,8.65,131.0
28,1246924800,Clear,0.0,0.0,78.45,78.45,26.64,0.15,5.93,16.37,221.0
29,1247875200,Clear,0.0,0.0,79.65,79.65,39.52,0.24,4.51,11.57,258.0
30,1249084800,Clear,0.0,0.0,83.43,83.43,46.9,0.28,3.98,8.99,255.0
31,1252800000,Mostly Cloudy,0.0,0.0,62.89,62.89,40.43,0.44,3.36,10.61,38.0
32,1254009600,Clear,0.0,0.0,75.72,75.72,19.84,0.12,3.63,9.34,299.0
33,702432000,Clear,,,49.34,44.38,23.15,0.35,12.76,,221.0
34,719884800,Overcast,,,56.15,56.15,55.68,0.98,10.69,,40.0
35,708566400,Clear,,,55.57,55.57,32.02,0.41,0.0,,
36,711331200,,,,,,,,,,
37,709171200,,,,,,,,,,
38,719971200,Clear,,,54.86,54.86,48.93,0.8,8.05,,161.0
39,713577600,,,,,,,,,,
40,711158400,Clear,,,88.46,88.46,49.99,0.27,18.36,,290.0
41,711158400,Overcast,,,73.3,73.3,55.7,0.54,6.15,,341.0
42,705801600,,,,,,,,,,
43,709948800,Overcast,,,73.87,73.87,55.94,0.54,11.63,,210.0
44,706752000,Clear,0.0,0.0,89.59,89.59,42.98,0.2,6.93,,350.0
45,715132800,Partly Cloudy,0.0,0.0,64.67,64.67,42.2,0.44,2.83,,245.0
46,713664000,Clear,0.0,0.0,96.06,96.06,51.99,0.23,13.88,,311.0
47,740966400,Clear,,,75.17,75.69,64.86,0.7,10.77,,247.0
48,744249600,,,,,,,,,,
49,745718400,,,,,,,,,,
50,743817600,,,,,,,,,,
51,747014400,Clear,,,85.47,85.47,50.9,0.3,6.72,,341.0
52,744249600,,,,,,,,,,
53,742521600,Clear,0.0,0.0,75.54,75.54,36.85,0.25,11.39,,200.0
54,772502400,Clear,,,86.6,86.6,40.49,0.2,11.52,27.62,200.0
55,764380800,Clear,0.0,0.0,41.63,36.01,26.98,0.56,9.18,19.55,191.0
56,773798400,Windy,,,90.82,90.82,25.89,0.1,25.28,,210.0
57,774921600,,,,,,,,,,
58,780451200,,,,,,,,,,
59,726796800,Clear,,,34.47,29.31,34.12,0.99,5.83,,240.0
60,772416000,,,,,,,,,,
61,770428800,Clear,0.0,0.0,72.84,72.84,53.96,0.52,13.88,,300.0
62,780883200,Overcast,0.0,0.0,60.43,60.43,39.92,0.47,5.59,,260.0
63,807580800,Clear,,,88.3,88.3,59.0,0.37,10.33,,238.0
64,807321600,Clear,0.0,0.0,68.29,69.0,64.95,0.89,12.49,,294.0
65,802137600,,,,,,,,,,
66,808358400,Partly Cloudy,,,74.87,74.87,33.98,0.22,5.74,,281.0
67,813542400,Partly Cloudy,,,72.5,72.5,59.0,0.63,11.39,,258.0
68,809740800,Clear,,,87.18,87.18,32.02,0.14,4.69,,251.0
69,802310400,Clear,,,62.53,62.53,41.31,0.46,11.99,24.17,231.0
70,839980800,,,,,,,,,,
71,839808000,,,,,,,,,,
72,836611200,,,,,,,,,,
73,840931200,Clear,,,51.82,51.82,49.99,0.93,8.35,,169.0
74,837648000,,,,,,,,,,
75,840240000,Clear,,,90.28,90.28,49.99,0.25,6.91,,311.0
76,842313600,,,,,,,,,,
77,829267200,Clear,,,65.88,65.88,34.39,0.31,20.19,36.83,281.0
78,790041600,Mostly Cloudy,,,54.23,54.23,53.15,0.96,4.18,,290.0
79,860803200,Clear,,,64.22,64.22,29.76,0.27,14.62,22.43,257.0
80,865123200,,,,,,,,,,
81,870652800,Clear,0.0,0.0,91.4,91.4,45.79,0.21,6.85,,191.0
82,870480000,Clear,,,96.79,96.79,30.97,0.1,15.97,23.01,194.0
83,873244800,Clear,0.0,0.0,69.35,70.02,64.93,0.86,9.18,,300.0
84,873158400,,,,,,,,,,
85,873158400,Mostly Cloudy,,,91.34,91.34,45.91,0.21,18.75,21.86,224.0
86,870048000,,,,,,,,,,
87,902966400,Clear,,,64.16,64.19,59.0,0.83,12.76,,320.0
88,902880000,Partly Cloudy,0.0,0.0,85.54,87.17,64.67,0.5,11.38,,222.0
89,904521600,Partly Cloudy,,,93.87,95.43,63.46,0.37,12.31,16.1,261.0
90,905558400,,,,,,,,,,
91,903657600,,,,,,,,,,
92,908841600,Clear,,,76.75,76.75,30.17,0.18,3.46,,110.0
93,910656000,Clear,,,44.2,40.77,32.6,0.64,5.99,,280.0
94,931910400,,,,,,,,,,
95,935798400,Mostly Cloudy,,,72.91,72.91,44.3,0.36,12.36,,221.0
96,936316800,Clear,,,70.83,70.83,48.07,0.44,21.15,28.2,228.0
97,934934400,,,,,,,,,,
98,933465600,,,,,,,,,,
99,931564800,Overcast,,,59.35,59.35,55.4,0.87,6.93,,281.0
100,932774400,,,,,,,,,,
101,924480000,,,,,,,,,,
102,933897600,Partly Cloudy,,,68.66,68.66,44.8,0.42,11.02,21.86,213.0
103,932947200,,,,,,,,,,
104,960940800,,,,,,,,,,
105,966297600,Clear,,,90.88,90.88,56.38,0.31,9.92,,160.0
106,966124800,Clear,,,82.39,82.39,32.02,0.16,8.05,,240.0
107,954806400,Clear,0.0,0.0,71.99,71.99,41.9,0.34,11.69,,168.0
108,967507200,Mostly Cloudy,,,65.5,65.5,46.41,0.5,5.74,,140.0
109,967852800,Clear,,,63.76,63.76,50.96,0.63,15.63,21.86,277.0
110,965692800,,,,,,,,,,
111,994636800,Clear,,,84.72,84.72,42.8,0.23,8.05,,311.0
112,1001376000,,,,,,,,,,
113,1000512000,,,,,,,,,,
114,992217600,Clear,,,73.78,73.78,53.36,0.49,11.44,21.86,282.0
115,1001808000,Clear,0.0,0.0,73.65,73.65,28.06,0.18,5.82,,
116,991958400,,,,,,,,,,
117,1001376000,,,,,,,,,,
118,1000252800,Clear,0.0,0.0,64.86,64.86,58.78,0.81,10.94,,290.0
119,1022371200,Clear,,,74.66,74.66,42.5,0.32,4.24,11.99,291.0
120,1034121600,Clear,,,66.24,66.24,34.27,0.3,9.93,21.24,319.0
121,1038441600,Clear,,,50.92,50.92,12.83,0.21,5.66,13.84,90.0
122,1026432000,Partly Cloudy,0.0,0.0,97.14,97.14,33.36,0.11,6.23,10.96,60.0
123,1030579200,Clear,0.0,0.0,88.37,88.37,41.02,0.19,5.32,15.3,266.0
124,1026691200,Clear,,,89.64,89.64,54.03,0.3,10.18,16.18,241.0
125,1056844800,Clear,0.0,0.0,92.29,92.29,37.02,0.14,5.13,13.3,294.0
126,1057536000,Clear,0.0,0.0,89.77,89.77,39.77,0.17,5.95,14.62,216.0
127,1061683200,Clear,0.0,0.0,89.29,89.29,52.11,0.28,6.13,13.77,239.0
128,1056240000,Mostly Cloudy,0.0,0.0,63.13,63.13,29.63,0.28,9.02,19.96,282.0
129,1059264000,Clear,0.0,0.0,79.34,79.34,46.39,0.31,4.42,12.97,213.0
130,1062720000,Clear,0.0,0.0,88.15,88.15,43.47,0.21,5.26,17.83,286.0
131,1064275200,Clear,0.0,0.0,93.58,93.58,35.15,0.13,9.49,18.3,170.0
132,1067126400,Clear,0.0,0.0,86.8,86.8,46.11,0.24,5.32,12.1,279.0
133,1088640000,Clear,0.0013,0.13,57.35,57.35,44.46,0.62,3.27,15.54,29.0
134,1092355200,Clear,0.0,0.0,89.72,89.72,34.88,0.14,5.48,14.77,254.0
135,1092960000,Clear,0.0,0.0,80.64,80.64,36.71,0.21,4.1,10.62,243.0
136,1088640000,Partly Cloudy,0.0,0.0,65.23,65.23,46.26,0.5,1.67,9.06,161.0
137,1095638400,Mostly Cloudy,0.0,0.0,63.27,63.27,48.12,0.58,5.94,16.31,272.0
138,1095465600,Partly Cloudy,0.0,0.0,71.13,71.13,36.34,0.28,5.3,14.23,216.0
139,774662400,Clear,,,84.67,84.67,56.84,0.39,10.29,,161.0
140,715219200,Clear,,,57.44,57.44,51.08,0.79,11.63,,270.0
141,776649600,Clear,,,63.68,63.68,55.94,0.76,18.36,,341.0
142,811900800,Overcast,,,59.53,59.53,53.05,0.79,3.03,,240.0
143,875059200,Foggy,,,57.56,57.98,57.56,1.0,7.12,,310.0
144,931132800,Clear,,,59.17,59.17,52.88,0.8,17.22,,320.0
145,842313600,,,,,,,,,,
146,806976000,Partly Cloudy,,,78.57,79.09,64.93,0.63,7.5,,210.0
147,863913600,Clear,,,87.82,87.82,44.59,0.22,4.61,,311.0
148,769219200,Partly Cloudy,,,81.23,81.23,28.93,0.15,4.69,,320.0
149,833760000,,,,,,,,,,
150,745891200,,,,,,,,,,
151,808876800,,,,,,,,,,
152,873158400,,,,,,,,,,
153,901584000,Clear,0.0,0.0,98.67,102.75,66.02,0.35,12.76,,281.0
154,906336000,Clear,,,81.87,81.87,46.93,0.29,4.69,,180.0
155,926121600,Clear,0.0,0.0,82.42,82.42,21.0,0.1,12.76,,260.0
156,931305600,Clear,,,83.06,83.06,39.37,0.21,9.5,,231.0
157,936662400,Clear,0.0,0.0,85.32,85.32,33.07,0.15,8.05,,191.0
158,706838400,Clear,,,93.96,93.96,49.49,0.22,11.76,,164.0
159,740534400,Clear,,,97.15,97.15,39.92,0.14,0.0,,
160,774403200,,,,,,,,,,
161,829526400,Clear,0.0,0.0,67.2,67.2,49.96,0.54,10.69,,252.0
162,836784000,Mostly Cloudy,,,103.66,107.63,64.4,0.28,10.29,,161.0
163,869356800,,,,,,,,,,
164,899251200,Clear,,,86.43,86.43,56.2,0.36,10.85,,265.0
165,905990400,Clear,,,93.99,93.99,52.45,0.25,9.07,,106.0
166,929750400,Clear,,,85.95,85.95,53.79,0.33,12.31,21.86,269.0
167,937612800,Partly Cloudy,,,62.48,62.48,57.48,0.84,8.05,,277.0
168,899942400,,,,,,,,,,
169,908841600,Clear,,,61.78,61.78,24.95,0.24,5.74,,60.0
170,932428800,,,,,,,,,,
171,937008000,,,,,,,,,,
172,770169600,,,,,,,,,,
173,780710400,,,,,,,,,,
174,715478400,Overcast,,,82.96,82.96,34.87,0.18,8.05,,130.0
175,781574400,,,,,,,,,,
176,772848000,,,,,,,,,,
177,903830400,Clear,0.0,0.0,72.46,72.46,58.76,0.62,9.76,,249.0
178,750470400,,,,,,,,,,
179,903225600,,,,,,,,,,
180,969753600,Clear,0.0,0.0,62.37,62.37,54.77,0.76,6.63,,235.0
181,1003622400,Foggy,,,40.4,37.25,40.4,1.0,4.61,,230.0
182,1035849600,Clear,,,66.07,66.07,33.05,0.29,4.12,9.02,284.0
183,1087689600,Overcast,0.0,0.0,84.03,84.03,47.96,0.29,3.38,9.85,294.0
184,1124496000,Overcast,0.0,0.0,88.16,88.16,53.35,0.31,4.76,12.81,303.0
185,1158192000,Clear,0.0,0.0,92.78,92.78,40.99,0.17,4.09,12.99,289.0
186,1188777600,Clear,0.0,0.0,88.78,88.78,47.39,0.24,5.41,12.5,306.0
187,1238112000,Clear,0.0,0.0,59.0,59.0,45.84,0.62,5.46,11.16,347.0
188,1022630400,Clear,,,77.68,77.68,54.0,0.44,4.0,13.0,52.0
189,1060041600,Clear,0.0,0.0,87.05,87.05,56.91,0.36,8.35,14.48,266.0
190,1150502400,Clear,0.0,0.0,91.26,91.26,50.39,0.25,3.14,10.64,267.0
191,1251590400,Clear,0.0,0.0,100.12,100.12,41.84,0.14,4.33,10.6,262.0
192,954460800,,,,,,,,,,
193,963187200,,,,,,,,,,
194,969148800,Clear,0.0,0.0,81.55,81.55,51.79,0.36,6.91,,311.0
195,992476800,Clear,0.0,0.0,82.04,82.04,21.0,0.1,3.36,,
196,998870400,Clear,0.0,0.0,94.14,94.14,44.59,0.18,4.61,,240.0
197,1022803200,Partly Cloudy,,,97.98,97.98,53.0,0.22,8.54,14.0,29.0
198,1029369600,Clear,0.0,0.0,101.29,101.29,40.8,0.13,4.18,10.31,261.0
199,1053648000,Clear,0.0,0.0,97.04,97.04,54.15,0.24,4.99,12.01,270.0
200,1059350400,Clear,0.0,0.0,101.43,101.43,50.68,0.18,4.8,9.91,266.0
201,1066435200,Clear,0.0,0.0,87.66,87.66,36.03,0.16,2.4,5.98,207.0
202,1085961600,Clear,0.0,0.0,85.19,85.19,40.22,0.2,3.8,10.23,272.0
203,1092182400,Clear,0.0,0.0,97.87,97.87,40.08,0.14,3.61,11.6,250.0
204,1117756800,Clear,0.0,0.0,77.19,77.19,39.86,0.26,4.09,11.38,261.0
205,1123113600,Clear,0.0,0.0,99.66,99.66,44.31,0.15,3.3,9.1,269.0
206,1130976000,Clear,0.0,0.0,55.79,55.79,39.13,0.53,3.32,3.32,307.0
207,1150502400,Clear,0.0,0.0,91.5,91.5,51.09,0.25,4.18,8.71,351.0
208,1154822400,Clear,0.0,0.0,87.92,87.92,53.24,0.31,5.58,10.66,358.0
209,1170460800,Clear,0.0,0.0,53.12,53.12,37.8,0.56,1.95,5.41,260.0
210,1181520000,Clear,0.0,0.0,83.35,83.35,51.63,0.33,5.77,12.06,217.0
211,1187308800,Clear,0.0,0.0,90.99,90.99,41.38,0.18,4.47,10.68,249.0
212,1196640000,Clear,0.0,0.0,50.34,50.34,20.75,0.31,3.25,10.59,152.0
213,959558400,Clear,,,99.61,99.61,55.92,0.24,10.54,,160.0
214,974505600,Clear,,,46.61,39.76,14.0,0.27,17.22,,60.0
215,995414400,Clear,,,95.91,95.91,39.22,0.14,5.82,19.55,
216,1013990400,Partly Cloudy,0.0,0.0,50.02,50.02,38.55,0.65,11.96,24.17,232.0
217,1030924800,Light Rain,0.0199,1.0,94.4,94.4,43.67,0.18,9.92,17.1,217.0
218,1059264000,Partly Cloudy,0.0,0.0,89.65,89.65,60.37,0.38,7.93,11.98,262.0
219,1083542400,Clear,0.0,0.0,92.63,92.63,38.61,0.15,6.89,9.53,267.0
220,1099353600,Clear,0.0,0.0,67.87,67.87,13.83,0.12,7.06,17.69,9.0
221,1120694400,Clear,0.0,0.0,78.84,78.84,44.11,0.29,5.12,12.86,287.0
222,1132444800,Clear,0.0,0.0,80.36,80.36,20.81,0.11,3.38,7.85,303.0
223,1150934400,Clear,0.0,0.0,87.7,87.7,55.09,0.33,6.91,12.85,247.0
224,1136246400,Light Rain,0.043,0.89,53.59,53.59,51.44,0.92,8.76,20.69,224.0
225,1174521600,Clear,0.0,0.0,71.79,71.79,37.4,0.29,11.51,,161.0
226,1181001600,Clear,0.0,0.0,81.49,81.49,47.34,0.3,7.31,12.71,282.0
227,1186012800,Partly Cloudy,0.0,0.0,96.16,100.49,67.04,0.39,3.66,10.92,244.0
228,1191715200,Clear,0.0,0.0,66.03,66.03,21.0,0.18,7.9,13.71,25.0
229,1199059200,Clear,0.0,0.0,58.99,58.99,45.43,0.61,3.62,7.36,242.0
230,959212800,Clear,,,85.51,86.26,62.59,0.46,11.16,,161.0
231,969753600,Clear,0.0,0.0,79.34,79.34,35.59,0.21,7.9,,300.0
232,994636800,Clear,,,87.27,87.27,42.8,0.21,8.05,,311.0
233,1000512000,,,,,,,,,,
234,1027209600,Clear,0.0,0.0,93.22,93.22,49.04,0.22,4.87,11.56,235.0
235,1056240000,Clear,0.0,0.0,85.64,85.64,39.41,0.2,6.86,13.31,192.0
236,1062115200,Clear,0.0,0.0,90.64,90.64,45.93,0.21,5.58,11.85,155.0
237,1083628800,Clear,0.0,0.0,88.26,88.26,41.59,0.2,4.19,9.56,174.0
238,1092268800,Clear,0.0,0.0,97.31,97.31,26.11,0.08,7.24,14.47,279.0
239,1121299200,Clear,0.0,0.0,100.93,100.95,58.5,0.25,4.97,10.35,176.0
240,1150848000,Clear,0.0,0.0,80.96,80.96,25.43,0.13,7.02,12.66,306.0
241,1157846400,Clear,0.0,0.0,81.94,81.94,47.07,0.3,5.95,11.23,133.0
242,1180915200,Clear,0.0,0.0,83.64,83.64,50.1,0.31,6.26,14.11,213.0
243,1187827200,Clear,0.0,0.0,88.87,88.87,33.87,0.14,4.02,10.98,327.0
244,1214006400,Clear,0.0,0.0,89.42,89.42,34.65,0.14,5.49,12.82,186.0
245,1214006400,Clear,0.0,0.0,102.1,102.1,32.17,0.09,2.66,5.96,257.0
246,999561600,,,,,,,,,,
247,1248825600,Clear,0.0,0.0,82.99,82.99,41.5,0.23,5.6,12.11,244.0
248,1236816000,Clear,0.0,0.0,57.17,57.17,38.86,0.5,5.82,10.87,259.0
249,1245024000,Clear,0.0,0.0,72.43,72.43,54.15,0.53,7.08,12.93,216.0
250,1002931200,,,,,,,,,,
251,1171843200,Clear,0.0,0.0,43.7,43.7,40.32,0.88,2.33,8.57,137.0
252,774489600,Overcast,0.0,0.0,69.57,69.68,60.7,0.73,8.48,,288.0
253,930528000,Clear,,,82.35,82.35,49.46,0.32,14.98,,305.0
254,958867200,Clear,,,92.97,92.97,57.92,0.31,12.76,,311.0
255,950486400,Mostly Cloudy,,,70.06,70.06,47.32,0.44,9.19,,319.0
256,996451200,Clear,,,90.5,90.5,49.99,0.25,12.29,,263.0
257,1036195200,Clear,0.0,0.0,66.71,66.71,33.35,0.29,5.23,10.73,301.0
258,1020902400,Clear,,,80.78,80.78,36.99,0.21,5.74,17.58,300.0
259,1064793600,Clear,0.0,0.0,93.42,93.42,49.27,0.22,6.71,9.78,286.0
260,1062806400,Clear,0.0,0.0,87.4,87.6,61.4,0.42,6.02,9.04,260.0
261,1078617600,Clear,0.0,0.0,68.79,68.79,50.53,0.52,9.15,12.01,284.0
262,1125878400,Clear,0.0,0.0,102.91,102.91,16.11,0.04,8.34,22.6,246.0
263,1119571200,Clear,0.0,0.0,86.98,86.98,47.62,0.26,7.56,17.2,284.0
264,1151366400,Clear,0.0,0.0,102.85,102.85,50.24,0.17,3.68,9.12,204.0
265,1148947200,Clear,0.0,0.0,80.54,80.54,33.62,0.18,4.82,11.9,232.0
266,1179273600,Clear,0.0,0.0,84.93,84.93,44.29,0.24,13.47,17.83,302.0
267,1203120000,Clear,0.0,0.0,60.46,60.46,28.35,0.29,5.1,9.09,352.0
268,1122595200,Clear,0.0,0.0,85.74,85.74,46.57,0.26,4.2,10.67,163.0
269,970876800,Clear,,,69.24,69.24,55.4,0.61,9.21,,284.0
270,997574400,Clear,0.0,0.0,83.59,83.59,25.3,0.12,7.51,19.55,270.0
271,1033084800,Clear,,,89.66,89.66,45.59,0.22,8.38,15.96,281.0
272,1059177600,Partly Cloudy,0.0,0.0,78.79,78.79,44.53,0.3,11.45,26.34,268.0
273,1058140800,Clear,0.0,0.0,87.66,87.66,37.7,0.17,6.47,17.9,250.0
274,1117670400,Clear,0.0,0.0,84.67,84.67,52.4,0.33,5.84,12.5,237.0
275,984873600,Clear,,,60.44,60.44,51.79,0.73,8.78,,294.0
276,1023580800,Clear,0.0,0.0,64.88,64.88,42.96,0.45,12.94,20.5,268.0
277,1067040000,Clear,0.0,0.0,81.91,81.91,39.34,0.22,5.02,8.99,324.0
278,1125100800,Clear,0.0,0.0,98.65,99.63,61.11,0.29,6.98,13.7,238.0
279,1173830400,Clear,0.0,0.0,89.1,89.1,43.44,0.2,4.75,12.72,185.0
280,751680000,Clear,,,76.46,76.46,44.53,0.32,7.88,,308.0
281,744336000,Overcast,,,66.41,66.41,59.05,0.77,11.47,,316.0
282,774576000,Clear,,,83.37,83.37,47.83,0.29,19.45,26.47,191.0
283,836956800,Partly Cloudy,,,61.82,61.82,53.59,0.74,17.25,,290.0
284,927072000,Clear,,,54.85,54.85,48.02,0.78,17.22,,260.0
285,928972800,Partly Cloudy,,,56.52,56.52,48.04,0.73,14.75,,270.0
286,966384000,Clear,0.0,0.0,100.33,100.33,47.82,0.17,10.29,,314.0
287,1023494400,Clear,0.0,0.0,98.13,98.13,43.87,0.16,5.79,11.48,263.0
288,1060992000,Partly Cloudy,0.0,0.0,99.04,99.04,48.05,0.18,4.6,11.06,247.0
289,1096588800,Clear,0.0,0.0,64.74,64.74,,,7.99,10.99,177.0
290,1152921600,Clear,0.0,0.0,102.69,102.69,45.99,0.15,4.43,10.39,260.0
291,1178150400,Mostly Cloudy,0.0,0.0,69.73,69.73,49.23,0.48,10.04,18.53,305.0
292,1188086400,Clear,0.0,0.0,100.34,100.34,50.95,0.19,3.9,10.21,259.0
293,1211328000,Partly Cloudy,0.0,0.0,90.03,90.03,37.76,0.16,17.34,26.94,317.0
294,1221177600,Clear,0.0,0.0,89.92,89.92,49.18,0.25,5.12,10.42,314.0
295,1254009600,Clear,0.0,0.0,99.84,99.84,44.75,0.15,2.4,6.2,269.0
296,1278201600,Clear,0.0,0.0,92.39,92.39,45.87,0.2,8.63,15.06,305.0
297,712022400,Clear,0.0,0.0,93.69,93.69,48.93,0.22,6.92,,300.0
298,740448000,Clear,,,97.93,97.93,36.85,0.12,17.22,,240.0
299,752025600,Clear,,,82.01,82.01,38.84,0.22,2.24,,180.0
300,772934400,Clear,0.0,0.0,105.3,105.3,48.02,0.15,13.82,,300.0
301,802483200,Partly Cloudy,,,76.22,76.22,28.93,0.18,,,
302,831859200,Clear,0.0,0.0,89.96,89.96,43.97,0.2,12.63,,300.0
303,842572800,Clear,0.0,0.0,81.68,81.68,41.42,0.24,7.12,,267.0
304,874713600,Clear,0.0,0.0,82.78,82.78,49.99,0.32,9.21,,290.0
305,926208000,Clear,,,74.96,74.96,28.57,0.18,17.51,26.47,314.0
306,1213833600,Clear,0.0,0.0,84.28,84.28,28.16,0.13,9.39,23.18,314.0
307,962496000,,,,,,,,,,
308,987465600,Clear,0.0,0.0,78.66,78.66,38.85,0.24,4.83,,
309,995760000,Clear,0.0,0.0,88.9,88.9,46.93,0.24,10.29,,319.0
310,1022976000,Mostly Cloudy,,,70.17,70.17,48.67,0.46,15.66,27.91,258.0
311,1032307200,Clear,0.0,0.0,86.07,86.07,50.48,0.29,11.79,20.26,298.0
312,1057104000,Clear,0.0,0.0,93.9,93.9,37.91,0.14,5.83,12.19,282.0
313,1064275200,Clear,0.0,0.0,101.25,101.25,43.73,0.14,4.93,10.99,288.0
314,1084406400,Clear,0.0,0.0,80.12,80.12,33.97,0.19,9.23,14.26,328.0
315,1091577600,Clear,0.0,0.0,90.19,90.19,44.79,0.21,6.79,12.58,284.0
316,1120176000,Clear,0.0,0.0,101.64,101.64,47.19,0.16,6.5,7.8,263.0
317,1132012800,Clear,0.0,0.0,65.9,65.9,45.58,0.48,1.97,5.16,246.0
318,1155340800,Clear,0.0,0.0,89.24,89.24,37.97,0.16,3.82,10.23,258.0
319,1176336000,Mostly Cloudy,0.0096,0.16,59.67,59.67,45.79,0.6,4.31,18.0,115.0
320,1183248000,Mostly Cloudy,0.0,0.0,92.38,92.38,49.97,0.24,7.9,13.91,293.0
321,1189555200,Clear,0.0,0.0,91.56,91.56,51.99,0.26,6.85,,331.0
322,1208736000,Clear,0.0,0.0,60.63,60.63,20.44,0.21,10.34,19.35,319.0
323,1212969600,Clear,0.0,0.0,90.39,90.39,39.85,0.17,5.34,9.22,296.0
324,1217894400,Clear,0.0,0.0,95.76,95.76,48.8,0.2,7.26,14.96,303.0
325,1242604800,Clear,0.0,0.0,103.87,103.87,49.23,0.16,8.39,18.41,316.0
326,1247702400,Clear,0.0,0.0,103.47,103.47,49.39,0.17,7.75,23.99,307.0
327,1276732800,Clear,0.0,0.0,83.85,83.85,32.82,0.16,11.03,13.22,300.0
328,697248000,Clear,,,62.72,62.72,42.4,0.47,0.45,,270.0
329,706924800,Clear,0.0,0.0,88.65,88.65,51.08,0.28,11.58,,311.0
330,710208000,Mostly Cloudy,0.0,0.0,93.48,93.48,51.08,0.24,0.0,,
331,713923200,Clear,,,101.67,101.67,47.83,0.16,11.39,,320.0
332,721008000,,,,,,,,,,
333,740361600,,,,,,,,,,
334,746668800,Clear,0.0,0.0,97.08,97.08,35.07,0.12,9.2,,150.0
335,767059200,Mostly Cloudy,0.0,0.0,74.05,74.05,33.98,0.23,12.71,,311.0
336,773107200,Clear,0.0,0.0,95.27,95.27,44.95,0.18,5.79,,290.0
337,778550400,Clear,0.0,0.0,89.09,89.09,42.07,0.19,10.32,,300.0
338,806630400,,,,,,,,,,
339,829526400,,,,,,,,,,
340,836524800,Clear,,,94.86,94.86,42.8,0.17,13.88,,300.0
341,843350400,Clear,0.0,0.0,88.95,88.95,46.93,0.23,6.92,,320.0
342,864432000,,,,,,,,,,
343,870739200,Clear,,,100.28,100.28,53.59,0.21,14.99,,311.0
344,899424000,Clear,0.0,0.0,85.04,85.04,55.04,0.36,9.2,,320.0
345,906422400,Clear,,,78.56,78.56,46.41,0.32,6.93,,260.0
346,930441600,Clear,,,70.51,70.51,47.42,0.44,12.98,,302.0
347,940204800,Clear,0.0,0.0,82.39,82.39,33.07,0.17,5.74,,259.0
348,1002240000,Clear,,,77.99,77.99,54.01,0.44,13.86,,330.0
349,1062547200,Clear,0.0,0.0,103.36,103.36,49.75,0.17,9.02,15.03,282.0
350,1124582400,Clear,0.0,0.0,89.8,89.8,42.83,0.2,4.77,9.46,264.0
351,1178841600,Clear,0.0,0.0,86.38,86.38,41.71,0.21,5.14,11.03,296.0
352,1207612800,Clear,0.0,0.0,55.27,55.27,30.84,0.39,4.48,8.04,280.0
353,705024000,,,,,,,,,,
354,713232000,Clear,0.0,0.0,89.11,89.11,55.94,0.33,17.22,,251.0
355,746841600,Clear,,,85.96,85.96,58.34,0.39,3.4,,320.0
356,774403200,Clear,0.0,0.0,95.99,95.99,49.95,0.21,7.9,,302.0
357,815788800,,,,,,,,,,
358,838166400,Clear,,,94.8,94.8,49.7,0.22,11.42,,317.0
359,867283200,,,,,,,,,,
360,931651200,,,,,,,,,,
361,963878400,Clear,0.0,0.0,87.83,87.83,53.48,0.31,9.61,,305.0
362,992390400,Clear,,,85.29,85.29,54.96,0.36,11.77,,323.0
363,1024876800,Clear,0.0,0.0,93.6,93.6,52.7,0.25,4.75,10.31,270.0
364,1057104000,Clear,0.0,0.0,96.47,96.47,42.91,0.16,4.24,10.71,256.0
365,1084147200,Clear,0.0,0.0,82.85,82.85,42.77,0.24,4.62,10.2,303.0
366,1106956800,Overcast,0.0,0.0,39.57,39.57,37.85,0.94,1.39,8.45,267.0
367,1125619200,Clear,0.0,0.0,96.77,96.77,49.12,0.2,5.43,9.48,356.0
368,1156636800,Clear,0.0,0.0,94.63,94.63,50.62,0.23,4.79,11.28,265.0
369,1179964800,Clear,0.0,0.0,87.7,87.7,29.98,0.13,4.47,10.76,210.0
370,703987200,,,,,,,,,,
371,712627200,Clear,0.0,0.0,96.57,96.57,47.0,0.19,7.71,,335.0
372,740448000,Clear,0.0,0.0,100.73,100.73,48.93,0.18,11.51,,300.0
373,751075200,Clear,0.0,0.0,74.06,74.06,45.69,0.36,4.94,,5.0
374,777772800,Clear,,,92.45,92.45,51.01,0.25,7.3,,271.0
375,813715200,Clear,,,88.45,88.45,44.63,0.22,8.05,,351.0
376,836524800,Clear,,,96.15,96.15,51.79,0.23,11.51,,320.0
377,862790400,Clear,0.0,0.0,84.95,84.95,44.06,0.24,8.86,,326.0
378,872035200,Clear,,,96.91,96.91,56.09,0.26,0.0,,
379,904003200,Clear,,,96.86,96.86,52.44,0.23,6.5,,359.0
380,934588800,Clear,,,82.83,82.83,59.0,0.44,9.18,,300.0
381,965952000,Clear,,,66.98,66.98,54.97,0.65,14.27,,328.0
382,1110499200,Clear,0.0,0.0,76.73,76.73,48.81,0.37,5.59,9.67,299.0
383,1187827200,Clear,0.0,0.0,79.87,79.87,57.53,0.46,4.48,6.83,271.0
384,740793600,Clear,,,71.83,71.83,45.1,0.38,13.9,23.28,315.0
385,806716800,Clear,0.0,0.0,69.2,69.2,56.54,0.64,14.81,,291.0
386,898214400,Clear,0.0,0.0,71.48,71.48,55.73,0.58,15.11,,313.0
387,991526400,,,,,,,,,,
388,1060387200,Overcast,0.0,0.0,67.44,67.44,52.5,0.59,3.6,13.0,184.0
389,1140912000,Clear,0.0,0.0,57.52,57.52,45.42,0.64,5.28,7.66,241.0
390,1213574400,Clear,0.0,0.0,67.68,67.68,45.65,0.45,6.1,11.03,336.0
391,716947200,Partly Cloudy,0.0,0.0,52.57,52.57,52.4,0.99,15.21,23.01,321.0
392,781228800,Clear,,,68.56,68.56,44.95,0.43,20.39,,288.0
393,833673600,Overcast,,,56.54,56.54,54.3,0.92,6.93,,320.0
394,871776000,Overcast,,,62.74,62.74,53.59,0.72,8.05,,170.0
395,953683200,Clear,,,72.33,72.33,32.98,0.24,6.49,,20.0
396,968976000,Partly Cloudy,,,72.07,72.07,57.36,0.6,13.27,,255.0
397,715132800,Clear,,,71.71,71.71,56.84,0.59,12.03,,166.0
398,745545600,Clear,,,83.38,83.38,47.83,0.29,11.39,,197.0
399,769824000,Clear,,,73.93,73.93,53.96,0.5,16.1,,170.0
400,781920000,Overcast,,,68.73,68.73,46.93,0.46,8.05,,11.0
401,807840000,Clear,,,86.02,86.02,54.86,0.35,15.29,,204.0
402,837388800,Clear,,,90.71,90.71,60.8,0.37,12.94,,199.0
403,847497600,Mostly Cloudy,,,71.15,71.15,48.2,0.44,9.39,,136.0
404,875664000,Clear,,,82.33,82.33,47.95,0.3,17.25,,243.0
405,908323200,Clear,,,69.13,69.13,51.79,0.54,14.89,,265.0
406,932515200,Partly Cloudy,,,65.5,65.5,53.59,0.65,12.76,,180.0
407,1025136000,Clear,,,69.09,69.09,54.02,0.59,8.27,10.99,162.0
408,1058486400,Clear,0.0,0.0,99.0,99.0,44.37,0.16,3.9,10.03,244.0
409,1085097600,Clear,0.0,0.0,67.26,67.26,45.45,0.45,8.1,16.55,332.0
410,1150761600,Clear,0.0,0.0,78.52,78.52,47.37,0.33,3.93,9.37,4.0
411,1211328000,Clear,0.0,0.0,73.14,73.14,36.6,0.26,4.96,18.7,262.0
412,1033430400,Clear,,,77.3,77.3,43.36,0.3,3.92,9.83,205.0
413,740707200,Clear,,,63.05,63.05,48.93,0.6,10.29,18.42,251.0
414,773107200,Clear,,,82.49,82.49,53.96,0.37,14.9,,296.0
415,835142400,Clear,,,74.82,74.82,37.93,0.26,8.05,16.1,281.0
416,869616000,Clear,,,55.38,55.38,,,8.96,,320.0
417,934675200,Clear,,,58.13,58.13,,,22.38,,311.0
418,1060819200,Clear,0.0,0.0,92.12,92.12,35.9,0.14,4.34,12.96,189.0
419,1022889600,Clear,0.0,0.0,81.7,81.7,52.26,0.36,14.87,22.35,267.0
420,1057622400,Clear,0.0,0.0,64.52,64.52,49.99,0.59,14.96,20.73,290.0
421,1089504000,Clear,0.0,0.0,79.77,79.77,51.68,0.38,8.08,16.69,264.0
422,1125619200,Clear,0.0,0.0,88.33,88.33,45.36,0.23,7.54,13.74,267.0
423,1156896000,Clear,0.0,0.0,68.78,68.78,53.23,0.58,7.65,11.86,278.0
424,1190678400,Clear,0.0,0.0,76.72,76.72,42.06,0.29,6.29,10.52,323.0
425,1219276800,Clear,0.0,0.0,84.27,84.54,60.95,0.46,9.91,18.23,280.0
426,704592000,Mostly Cloudy,0.0,0.0,73.27,73.27,36.07,0.26,17.01,,249.0
427,712886400,Clear,,,65.56,65.56,53.15,0.64,12.47,,303.0
428,751248000,Overcast,,,65.17,65.17,53.05,0.65,10.34,,318.0
429,775526400,Overcast,,,91.18,91.18,55.94,0.31,6.72,,330.0
430,835315200,Clear,0.0,0.0,60.35,60.35,50.06,0.69,17.04,38.1,265.0
431,844646400,Clear,,,91.3,91.3,52.86,0.27,8.88,,351.0
432,900547200,Clear,,,94.86,94.86,55.2,0.27,15.52,,303.0
433,931219200,Clear,,,73.08,73.08,53.68,0.51,16.24,24.17,323.0
434,1064361600,Clear,0.0,0.0,92.93,92.93,52.24,0.25,8.89,,200.0
435,707184000,Clear,0.0,0.0,90.65,90.65,53.2,0.28,6.01,,265.0
436,867628800,Clear,,,76.68,76.68,42.8,0.3,13.88,,210.0
437,711072000,Clear,,,86.72,86.72,60.25,0.41,6.72,,238.0
438,1120176000,Clear,0.0,0.0,89.37,89.37,53.83,0.3,2.45,8.51,253.0
439,764208000,Clear,,,56.93,56.93,32.91,0.4,6.72,,210.0
440,992390400,,,,,,,,,,
441,811728000,Overcast,,,90.23,90.23,53.96,0.29,2.24,,180.0
442,1089158400,Clear,0.0,0.0,94.48,94.48,58.64,0.3,6.52,11.96,255.0
443,1218931200,Clear,0.0,0.0,94.46,94.46,49.97,0.22,5.04,10.9,207.0
444,807321600,,,,,,,,,,
445,927504000,Clear,0.0,0.0,76.54,76.54,53.96,0.46,16.1,24.17,191.0
446,1024531200,Clear,,,92.4,92.4,51.06,0.25,3.8,10.98,271.0
447,707443200,Clear,,,89.78,89.78,55.04,0.31,6.93,,251.0
448,1189555200,Clear,0.0,0.0,74.3,74.3,55.04,0.51,12.39,,148.0
449,803692800,Clear,,,80.0,80.0,41.0,0.25,11.39,,320.0
450,937440000,Clear,0.0,0.0,86.98,86.98,57.02,0.36,4.69,,205.0
451,1092182400,Clear,0.0,0.0,102.91,102.91,42.27,0.13,4.12,9.15,202.0
452,1251417600,Clear,0.0,0.0,97.42,97.42,36.29,0.12,3.71,7.99,244.0
453,1213833600,Clear,0.0,0.0,95.1,95.1,32.95,0.11,5.95,15.81,208.0
454,839808000,Partly Cloudy,,,,,,,10.29,,270.0
455,804124800,Clear,,,,,,,11.39,,140.0
456,1165276800,Clear,0.0,0.0,57.01,57.01,33.36,0.41,1.1,2.15,279.0
457,775008000,Clear,,,90.88,90.88,55.94,0.31,16.29,,160.0
458,1057708800,Clear,0.0,0.0,93.38,93.38,46.99,0.2,4.27,10.39,192.0
459,810691200,Clear,,,,,,,11.39,,140.0
460,998179200,Clear,0.0,0.0,97.06,97.06,54.16,0.24,7.28,,140.0
461,1148860800,Clear,0.0,0.0,72.94,72.94,34.39,0.24,3.62,7.52,233.0
462,781142400,Clear,,,,,,,9.18,,131.0
463,908755200,Clear,,,77.45,77.45,37.93,0.24,14.96,20.73,307.0
464,837388800,Clear,,,,,,,14.99,,150.0
465,1218326400,Clear,0.0,0.0,80.04,80.04,39.61,0.24,4.7,13.0,172.0
466,837648000,Clear,,,87.5,87.5,54.39,0.32,19.55,,155.0
467,1116028800,Clear,0.0,0.0,82.79,82.79,52.25,0.35,3.56,7.5,186.0
468,1021593600,Partly Cloudy,,,89.87,89.87,37.02,0.16,4.75,9.8,233.0
469,807753600,,,,,,,,,,
470,709257600,,,,,,,,,,
471,837302400,,,,,,,,,,
472,932688000,Clear,,,83.83,83.83,28.93,0.14,8.05,,270.0
473,776044800,,,,,,,,,,
474,964828800,Clear,0.0,0.0,78.02,78.02,38.63,0.24,9.82,,256.0
475,1157328000,Clear,0.0,0.0,90.16,90.16,45.36,0.21,4.14,10.09,217.0
476,1217116800,Clear,0.0,0.0,92.26,92.26,40.02,0.16,4.66,12.27,244.0
477,1276300800,Clear,0.0,0.0,84.68,84.68,39.95,0.21,10.24,20.8,329.0
478,810000000,Clear,0.0,0.0,87.72,87.72,44.95,0.23,9.18,,211.0
479,711504000,Clear,,,79.89,81.31,62.96,0.56,10.42,,229.0
480,986428800,Clear,,,59.21,59.21,30.17,0.33,4.5,,168.0
481,1196640000,Clear,0.0,0.0,41.62,38.06,24.84,0.51,5.45,14.12,178.0
482,769910400,Clear,0.0,0.0,80.62,80.62,41.92,0.25,6.72,,240.0
483,997747200,Clear,0.0,0.0,85.13,85.13,49.25,0.29,7.53,,240.0
484,866937600,Clear,0.0,0.0,78.9,78.9,53.59,0.42,9.18,16.1,217.0
485,1002326400,Clear,,,71.08,71.08,50.62,0.48,11.99,,183.0
486,1125014400,Clear,0.0,0.0,87.7,87.7,40.73,0.19,3.82,10.95,251.0
487,705283200,Overcast,0.0,0.0,63.81,63.81,42.07,0.45,9.18,,
488,780192000,Clear,,,98.51,98.51,47.83,0.18,9.64,,183.0
489,903139200,Clear,0.0,0.0,98.19,101.62,65.26,0.34,9.02,,139.0
490,722217600,Overcast,0.0,0.0,47.5,47.5,47.5,1.0,1.11,,0.0
491,1170115200,Clear,0.0,0.0,65.78,65.78,31.91,0.28,4.99,8.44,321.0
492,721440000,Clear,0.0,0.0,62.51,62.51,25.2,0.24,11.09,,317.0
493,1026345600,Clear,0.0,0.0,108.62,108.62,51.57,0.15,4.41,4.41,255.0
494,869443200,Clear,0.0,0.0,88.5,88.5,53.17,0.3,5.53,,221.0
495,1087776000,Clear,0.0,0.0,96.87,96.87,39.86,0.14,3.3,11.23,164.0
496,713145600,Mostly Cloudy,,,93.63,93.63,46.69,0.2,13.86,,170.0
497,705283200,,,,,,,,,,
498,714096000,Clear,,,105.66,105.66,46.23,0.14,12.7,,187.0
499,1055721600,Clear,0.0,0.0,86.81,86.81,44.96,0.23,4.28,11.33,243.0
500,858211200,Clear,,,58.91,58.91,23.02,0.25,6.93,,200.0
501,867888000,Clear,,,89.37,89.37,44.68,0.21,9.49,18.06,348.0
502,1089072000,Clear,0.0,0.0,99.32,99.32,48.8,0.18,1.51,5.24,
503,774230400,Clear,0.0,0.0,106.19,106.19,45.17,0.13,8.05,,126.0
504,772416000,,,,,,,,,,
505,1217980800,Clear,0.0,0.0,88.51,88.51,32.52,0.14,6.14,14.17,235.0
506,840758400,Clear,0.0,0.0,95.28,95.28,42.23,0.16,9.41,,154.0
507,807235200,Clear,,,98.91,98.91,41.0,0.14,4.69,,120.0
508,1160956800,Overcast,0.0,0.0,46.7,43.74,46.52,0.99,5.99,12.93,130.0
509,707961600,Clear,0.0,0.0,79.5,79.5,33.98,0.19,5.82,,281.0
510,780710400,Clear,,,78.78,78.78,43.89,0.29,4.48,,101.0
511,937180800,Clear,0.0,0.0,87.35,87.35,37.39,0.17,5.37,,11.0
512,861753600,Drizzle,0.0118,1.0,50.51,50.51,44.59,0.8,5.82,,
513,1182124800,Clear,0.0,0.0,76.09,76.09,30.62,0.19,5.58,11.21,336.0
514,808012800,Clear,0.0,0.0,81.84,81.84,43.89,0.26,5.59,,131.0
515,1260230400,Clear,0.0,0.0,44.57,39.26,13.72,0.28,10.12,13.76,325.0
516,1151366400,Clear,0.0,0.0,99.22,103.36,65.94,0.34,10.09,12.76,176.0
517,840153600,Clear,,,102.05,102.05,41.0,0.13,9.84,,159.0
518,834364800,Clear,,,93.36,93.36,35.07,0.13,3.17,,161.0
519,936403200,Clear,0.0,0.0,88.66,88.66,33.98,0.14,11.63,,0.0
520,1147305600,Clear,0.0,0.0,90.6,90.6,31.35,0.12,4.09,10.79,306.0
521,744940800,,,,,,,,,,
522,900806400,Clear,,,106.3,106.3,53.05,0.17,8.24,,203.0
523,808531200,,,,,,,,,,
524,804211200,Mostly Cloudy,0.0,0.0,99.9,101.09,61.14,0.28,10.06,,153.0
525,1088294400,Clear,0.0,0.0,94.46,94.46,33.16,0.12,5.35,12.77,150.0
526,940377600,Clear,0.0,0.0,80.44,80.44,34.55,0.19,8.78,,150.0
527,1019260800,Mostly Cloudy,,,58.97,58.97,21.95,0.24,8.46,18.5,262.0
528,1084147200,Clear,0.0,0.0,83.5,83.5,24.02,0.11,7.91,16.28,175.0
529,1157328000,Clear,0.0,0.0,89.77,89.77,49.3,0.25,5.64,11.3,217.0
530,1215216000,Clear,0.0,0.0,95.03,95.03,42.26,0.16,6.53,12.95,250.0
531,708998400,Clear,,,80.68,80.68,46.05,0.3,11.63,17.25,269.0
532,737510400,Overcast,,,84.39,84.39,48.93,0.29,9.68,,271.0
533,752716800,,,,,,,,,,
534,804211200,Overcast,,,80.86,83.25,66.91,0.63,11.39,,301.0
535,789868800,Overcast,,,56.69,56.69,52.74,0.87,8.22,,268.0
536,862963200,Clear,0.0,0.0,78.33,78.33,32.02,0.19,12.76,,0.0
537,907027200,Partly Cloudy,0.0,0.0,75.49,75.49,35.97,0.24,11.63,,101.0
538,970444800,Clear,,,78.06,78.06,55.04,0.45,13.88,,210.0
539,1020643200,Clear,,,65.64,65.64,44.98,0.47,6.49,14.31,246.0
540,1079654400,Overcast,0.0,0.0,70.91,70.91,53.39,0.54,5.85,10.78,253.0
541,1145664000,Overcast,0.0,0.0,63.53,63.53,51.68,0.65,7.55,14.28,235.0
542,1188172800,Clear,0.0,0.0,84.4,84.48,60.35,0.44,7.09,14.67,244.0
543,1238198400,Clear,0.0,0.0,69.56,69.56,32.88,0.26,5.54,11.98,294.0
544,717897600,Clear,0.0,0.0,85.03,85.03,51.97,0.32,9.96,,303.0
545,743040000,Overcast,,,69.45,69.59,60.89,0.74,11.39,,290.0
546,771465600,Clear,,,65.21,65.21,47.57,0.53,11.39,,290.0
547,781747200,Clear,0.0,0.0,92.34,92.34,37.0,0.14,12.03,,63.0
548,808963200,Overcast,0.0,0.0,69.66,69.67,59.86,0.71,9.34,,268.0
549,788918400,Overcast,,,47.45,42.4,44.95,0.91,11.39,,281.0
550,836092800,Clear,0.0,0.0,82.18,82.18,53.61,0.37,9.63,,283.0
551,857779200,Clear,,,58.87,58.87,49.73,0.72,5.74,,279.0
552,871171200,Clear,0.0,0.0,69.05,69.2,60.91,0.75,10.46,,285.0
553,896918400,Mostly Cloudy,0.0,0.0,65.12,65.12,51.98,0.62,11.52,20.01,289.0
554,936144000,Clear,0.0,0.0,69.38,69.38,58.43,0.68,9.05,,241.0
555,962841600,Clear,,,103.7,103.7,44.31,0.14,11.48,25.31,341.0
556,985219200,Overcast,,,69.68,69.68,54.65,0.59,9.18,,263.0
557,998265600,Partly Cloudy,,,89.11,89.11,51.12,0.27,13.17,20.73,285.0
558,1020643200,Partly Cloudy,,,66.8,66.8,49.05,0.53,7.97,15.3,237.0
559,1052006400,Clear,0.0,0.0,75.35,75.35,39.22,0.27,15.94,32.21,269.0
560,1062547200,Clear,0.0057,0.28,91.08,91.08,60.27,0.36,6.22,12.51,267.0
561,1089763200,Partly Cloudy,0.0,0.0,97.62,97.62,43.06,0.15,7.97,16.35,279.0
562,1118448000,Clear,0.0,0.0,76.59,76.59,58.78,0.54,7.8,12.98,230.0
563,1127779200,Mostly Cloudy,0.0,0.0,90.97,90.97,40.75,0.17,5.33,13.73,220.0
564,1151020800,Clear,0.0,0.0,97.86,97.86,48.08,0.19,6.12,11.73,260.0
565,1164844800,Clear,0.0,0.0,57.09,57.09,2.74,0.11,10.35,24.32,22.0
566,1178236800,Clear,0.0,0.0,68.21,68.21,41.72,0.38,7.26,13.86,259.0
567,1182729600,Clear,0.0,0.0,89.3,89.3,41.39,0.19,6.57,13.73,260.0
568,1206403200,Clear,0.0,0.0,88.18,88.18,19.32,0.08,5.61,13.43,177.0
569,1215216000,Clear,0.0,0.0,98.17,98.17,50.19,0.2,6.13,11.49,252.0
570,1220659200,Clear,0.0,0.0,91.11,91.11,54.22,0.29,6.06,13.15,234.0
571,1243900800,Clear,0.0,0.0,81.2,81.2,53.01,0.38,7.31,14.54,254.0
572,1254960000,Partly Cloudy,0.0,0.0,68.87,68.87,49.84,0.51,6.52,12.21,249.0
573,1281657600,Clear,0.0,0.0,87.14,87.14,46.21,0.24,7.63,14.92,249.0
574,705888000,Overcast,,,75.62,75.62,53.5,0.46,11.32,,269.0
575,709430400,Clear,,,92.17,92.17,35.0,0.13,14.58,,219.0
576,713145600,Clear,,,88.54,88.54,57.22,0.35,13.79,19.11,272.0
577,719712000,Overcast,,,67.89,67.89,54.96,0.63,6.33,,116.0
578,737510400,Overcast,,,88.26,88.26,53.41,0.31,16.3,23.01,124.0
579,741830400,Clear,,,79.8,79.8,57.66,0.47,13.36,,257.0
580,746236800,Clear,,,94.59,94.59,50.9,0.23,12.5,,276.0
581,753753600,Clear,,,70.91,70.91,35.91,0.28,8.05,,44.0
582,770947200,Overcast,,,76.03,76.03,54.18,0.47,11.88,,273.0
583,776131200,Clear,,,107.3,107.3,48.93,0.14,11.88,,275.0
584,786326400,Clear,,,64.77,64.77,28.93,0.26,4.48,,150.0
585,804816000,Clear,,,77.87,77.87,56.84,0.48,12.47,,268.0
586,808876800,Clear,,,89.09,89.09,60.15,0.38,13.64,,246.0
587,814924800,Overcast,,,71.89,71.89,45.86,0.39,6.9,,277.0
588,831168000,Mostly Cloudy,,,81.42,81.42,54.0,0.39,13.64,,290.0
589,835401600,Clear,,,75.5,75.5,55.59,0.5,14.29,,272.0
590,839548800,Clear,,,94.46,95.62,62.59,0.35,13.87,,302.0
591,859420800,Mostly Cloudy,,,74.24,74.24,28.31,0.18,13.82,,331.0
592,864864000,Partly Cloudy,,,92.12,92.12,49.42,0.23,11.94,,280.0
593,873244800,Mostly Cloudy,,,88.46,88.55,61.16,0.4,13.63,,242.0
594,897177600,Overcast,,,63.11,63.11,53.29,0.7,11.35,,232.0
595,903571200,Clear,,,82.83,82.83,51.19,0.33,10.72,19.55,270.0
596,909964800,Clear,,,67.15,67.15,47.01,0.48,10.6,,276.0
597,930009600,Mostly Cloudy,,,77.54,77.54,52.75,0.42,9.93,,258.0
598,940377600,Clear,,,89.66,89.66,35.46,0.15,10.16,,89.0
599,995328000,Partly Cloudy,0.0,0.0,62.98,62.98,51.79,0.67,13.88,,304.0
600,1058227200,Clear,0.0,0.0,105.93,105.93,38.02,0.1,4.61,10.01,276.0
601,1122163200,Clear,0.0,0.0,99.04,99.04,55.24,0.23,5.4,13.12,284.0
602,1161561600,Clear,0.0,0.0,73.41,73.41,49.04,0.42,5.11,10.29,288.0
603,1213142400,Clear,0.0,0.0,71.36,71.36,51.36,0.49,6.43,11.16,257.0
604,712540800,Clear,,,85.35,85.35,48.92,0.28,16.43,,255.0
605,769305600,Overcast,0.0,0.0,59.26,59.26,49.99,0.71,13.64,,281.0
606,814320000,Mostly Cloudy,0.0,0.0,58.65,58.65,54.66,0.87,11.72,,318.0
607,862704000,Overcast,,,81.32,81.32,42.4,0.25,5.55,34.54,300.0
608,905040000,Clear,0.0,0.0,72.15,72.65,64.29,0.76,12.79,,313.0
609,1271635200,Clear,0.0,0.0,63.93,63.93,49.86,0.6,3.19,5.56,243.0
610,1279584000,Clear,0.0,0.0,91.5,91.5,48.12,0.23,1.85,8.05,92.0
611,1280016000,Clear,0.0,0.0,92.17,92.17,32.61,0.12,8.57,16.45,250.0
612,1280275200,Clear,0.0,0.0,85.5,85.5,36.28,0.17,6.13,13.96,160.0
613,1284249600,Clear,0.0,0.0,74.24,74.24,37.28,0.26,6.36,12.87,229.0
614,1285459200,Clear,0.0,0.0,83.45,83.45,27.49,0.13,5.83,12.26,350.0
615,1240012800,Clear,0.0,0.0,67.07,67.07,34.76,0.3,7.44,15.02,274.0
616,1275264000,Clear,0.0,0.0,89.28,89.28,43.46,0.2,4.33,9.93,282.0
617,1285891200,Clear,0.0,0.0,74.57,74.57,44.15,0.34,2.04,7.16,226.0
618,1312070400,Clear,0.0,0.0,85.12,85.12,50.58,0.3,5.85,16.83,174.0
619,1315094400,Clear,0.0,0.0,93.54,93.54,27.31,0.09,3.75,10.4,247.0
620,1310256000,Clear,0.0,0.0,84.45,84.45,56.75,0.39,5.84,11.52,238.0
621,1315612800,Clear,0.0,0.0,85.44,85.44,41.58,0.21,5.74,13.09,7.0
622,1308787200,Clear,0.0,0.0,89.43,89.43,47.18,0.23,4.87,11.96,308.0
623,1311724800,Overcast,0.0,0.0,82.79,82.79,56.6,0.41,5.45,12.61,304.0
624,1306368000,Clear,0.0,0.0,93.1,93.1,37.07,0.14,9.34,18.03,253.0
625,1312588800,Clear,0.0,0.0,91.95,91.95,53.25,0.27,4.81,7.01,307.0
626,1304467200,Clear,0.0,0.0,81.07,81.07,28.31,0.15,8.54,19.73,351.0
627,1315785600,Clear,0.0,0.0,78.58,78.58,49.25,0.36,4.52,11.25,249.0
628,1304035200,Clear,0.0,0.0,58.24,58.24,41.15,0.53,12.06,16.8,289.0
629,1264550400,Overcast,0.0013,0.2,50.74,50.74,42.35,0.73,1.37,3.15,305.0
630,1311552000,Clear,0.0,0.0,91.79,91.79,53.19,0.27,11.52,16.25,160.0
631,1315008000,Clear,0.0,0.0,94.41,94.41,39.58,0.15,5.78,10.68,307.0
632,1305072000,Clear,0.0,0.0,64.37,64.37,46.46,0.52,8.19,16.25,241.0
633,1313712000,Clear,0.0,0.0,91.14,91.14,45.3,0.21,6.99,13.8,246.0
634,1311984000,Clear,0.0,0.0,70.99,70.99,56.87,0.61,4.89,7.93,229.0
635,1306886400,Clear,0.0,0.0,78.49,78.49,37.89,0.23,4.62,9.92,270.0
636,1310860800,Clear,0.0,0.0,85.63,85.63,47.78,0.27,6.68,11.69,33.0
637,1299888000,Overcast,0.0,0.0,61.73,61.73,39.41,0.44,7.36,7.99,330.0
638,1307404800,Clear,0.0,0.0,70.73,70.73,47.34,0.43,6.17,13.36,264.0
639,1320278400,Clear,0.0,0.0,71.88,71.88,26.83,0.19,2.54,4.25,94.0
640,1316131200,Clear,0.0,0.0,92.3,92.3,54.26,0.28,5.72,9.51,313.0
641,1308096000,Clear,0.0,0.0,95.01,95.01,42.44,0.16,5.8,12.55,231.0
642,1308096000,Clear,0.0,0.0,84.34,84.34,58.2,0.41,5.96,12.16,261.0
643,1310860800,Clear,0.0,0.0,74.22,74.22,56.41,0.54,6.67,11.6,272.0
644,1305936000,Clear,0.0,0.0,63.92,63.92,54.04,0.7,5.27,9.35,231.0
645,1307750400,Clear,0.0,0.0,84.67,84.67,51.79,0.32,4.06,6.8,169.0
646,1310947200,Clear,0.0,0.0,70.58,70.58,52.42,0.53,7.78,12.36,275.0
647,1311465600,Clear,0.0,0.0,97.3,97.3,53.58,0.23,4.48,8.01,300.0
648,1309564800,Clear,0.0,0.0,91.51,91.51,55.87,0.3,7.02,12.54,239.0
649,1313625600,Clear,0.0,0.0,92.47,92.47,47.22,0.21,2.56,6.33,262.0
650,1309305600,Clear,0.0,0.0,88.67,88.67,44.65,0.22,8.37,15.4,230.0
651,1319760000,Clear,0.0,0.0,70.82,70.82,36.13,0.28,3.45,6.97,221.0
652,1314921600,Clear,0.0,0.0,95.73,95.73,36.42,0.13,8.42,12.38,326.0
653,1306022400,Clear,0.0,0.0,80.98,80.98,46.62,0.3,7.65,10.25,296.0
654,1330732800,Clear,0.0,0.0,66.92,66.92,13.15,0.12,7.98,19.73,27.0
655,1342483200,Clear,0.0,0.0,70.5,70.5,49.73,0.48,7.13,13.64,252.0
656,1350950400,Partly Cloudy,0.0,0.0,58.81,58.81,48.36,0.68,6.47,12.01,270.0
657,1346284800,Clear,0.0,0.0,93.88,93.88,57.12,0.29,4.94,11.57,162.0
658,1294963200,Clear,0.0,0.0,48.5,46.61,33.82,0.57,4.75,11.4,275.0
659,1346889600,Mostly Cloudy,0.0,0.0,70.01,70.01,41.92,0.36,2.84,7.34,241.0
660,1344643200,Partly Cloudy,0.0,0.0,88.21,88.21,55.36,0.33,5.95,11.74,251.0
661,1339891200,Clear,0.0,0.0,87.02,87.02,52.82,0.31,5.75,11.83,338.0
662,1345334400,Clear,0.0,0.0,87.78,87.78,45.03,0.23,5.81,13.19,224.0
663,1340236800,Clear,0.0,0.0,88.61,88.61,35.61,0.15,3.7,8.23,280.0
664,1344643200,Partly Cloudy,0.0,0.0,94.49,94.49,50.17,0.22,5.22,12.22,207.0
665,1338768000,Clear,0.0,0.0,88.0,88.0,50.34,0.28,5.08,9.96,183.0
666,1295395200,Overcast,0.0,0.0,53.95,53.95,48.33,0.81,3.73,5.35,46.0
667,1348099200,Clear,0.0,0.0,92.82,92.82,46.54,0.21,4.11,9.6,265.0
668,1330819200,Clear,0.0,0.0,74.51,74.51,17.94,0.12,6.24,13.61,312.0
669,1342915200,Clear,0.0,0.0,97.91,97.91,52.28,0.22,5.82,11.56,223.0
670,1295654400,Clear,0.0,0.0,60.73,60.73,47.4,0.61,1.2,3.89,280.0
671,1341878400,Overcast,0.0,0.0,99.54,99.54,45.06,0.16,9.01,15.65,299.0
672,1331856000,Clear,0.0,0.0,55.24,55.24,46.57,0.73,6.68,11.55,259.0
673,1340150400,Clear,0.0,0.0,81.58,81.58,40.76,0.24,2.91,7.73,272.0
674,1345161600,Partly Cloudy,0.0,0.0,90.26,90.26,56.28,0.32,5.79,10.83,255.0
675,1337472000,Clear,0.0,0.0,83.94,83.94,53.62,0.35,5.93,11.56,247.0
676,1343433600,Clear,0.0,0.0,96.7,96.7,26.43,0.08,6.41,14.22,262.0
677,1330128000,Clear,0.0,0.0,56.71,56.71,48.76,0.75,6.19,9.5,284.0
678,1343606400,Clear,0.0,0.0,84.72,84.72,38.49,0.19,5.25,9.89,237.0
679,1350432000,Clear,0.0,0.0,81.33,81.33,53.77,0.39,8.84,16.93,315.0
680,1352851200,Clear,0.0,0.0,59.93,59.93,35.91,0.41,3.56,6.42,256.0
681,1333843200,Clear,0.0,0.0,78.03,78.03,31.82,0.19,4.52,8.47,295.0
682,1350518400,Clear,0.0,0.0,82.45,82.45,39.23,0.22,1.8,3.87,258.0
683,1376092800,Clear,0.0018,0.1,63.6,63.6,50.07,0.61,5.21,11.06,16.0
684,1372723200,Clear,0.0,0.0,93.06,93.06,39.53,0.16,5.53,12.4,284.0
685,1374364800,Mostly Cloudy,0.0,0.0,79.58,79.73,60.95,0.53,5.23,11.96,214.0
686,1379203200,Clear,0.0,0.0,85.08,85.08,49.88,0.3,5.82,10.59,259.0
687,1377043200,Clear,0.0,0.0,84.86,84.86,41.59,0.22,4.38,11.66,293.0
688,1363478400,Clear,0.0,0.0,60.98,60.98,22.03,0.22,4.18,11.36,236.0
689,1377129600,Overcast,0.0,0.0,69.15,69.15,53.96,0.58,4.18,10.1,158.0
690,1372550400,Clear,0.0,0.0,104.66,104.66,55.98,0.2,9.11,14.52,7.0
691,1378166400,Mostly Cloudy,0.0,0.0,74.75,74.75,52.91,0.47,4.53,12.46,253.0
692,1377129600,Clear,0.0,0.0,82.33,82.33,53.81,0.37,5.53,11.76,246.0
693,1367280000,Clear,0.0,0.0,89.59,89.59,46.83,0.23,8.52,10.71,276.0
694,1371772800,Clear,0.0,0.0,83.92,83.92,48.1,0.29,7.23,15.23,255.0
695,1360195200,Clear,0.0,0.0,71.5,71.5,34.78,0.26,4.66,9.04,294.0
696,1371945600,Clear,0.0,0.0,84.48,84.48,39.89,0.21,4.61,11.25,251.0
697,1325721600,Clear,0.0,0.0,63.33,63.33,44.11,0.5,6.1,11.03,309.0
698,1369440000,Partly Cloudy,0.0,0.0,80.43,80.43,33.97,0.19,4.2,9.6,289.0
699,1368489600,Clear,0.0,0.0,102.83,102.83,31.77,0.08,6.2,16.11,269.0
700,1374710400,Clear,0.0,0.0,87.19,87.19,59.02,0.39,7.2,14.25,257.0
701,1373500800,Clear,0.0,0.0,99.05,99.05,46.11,0.17,3.97,9.0,255.0
702,1375401600,Clear,0.0,0.0,63.64,63.64,53.47,0.69,7.5,11.46,259.0
703,1377216000,Clear,0.0,0.0,97.11,97.11,43.31,0.16,4.35,8.13,250.0
704,1377561600,Clear,0.0,0.0,72.86,72.86,49.81,0.44,5.44,12.35,293.0
705,1377993600,Clear,0.0,0.0,90.22,90.22,44.15,0.2,4.46,9.67,215.0
706,1369526400,Clear,0.0,0.0,75.0,75.0,44.58,0.34,9.15,14.71,255.0
707,1370563200,Clear,0.0,0.0,95.39,95.39,56.02,0.27,4.03,10.5,298.0
708,1366761600,Clear,0.0,0.0,61.59,61.59,51.64,0.7,9.17,12.84,264.0
709,1370995200,Mostly Cloudy,0.0,0.0,79.2,79.2,53.17,0.41,7.21,12.56,262.0
710,1364774400,Clear,0.0,0.0,72.38,72.38,46.23,0.39,4.53,7.2,172.0
711,1371340800,Clear,0.0,0.0,87.87,87.87,34.32,0.15,6.2,12.02,257.0
712,1377388800,Clear,0.0,0.0,87.07,87.07,48.56,0.27,4.67,10.52,206.0
713,1384905600,Overcast,0.0003,0.04,57.74,57.74,51.5,0.8,0.97,2.22,196.0
714,1383523200,Clear,0.0,0.0,57.06,57.06,29.44,0.35,4.13,8.83,304.0
715,1384732800,Clear,0.0,0.0,65.48,65.48,43.2,0.44,1.86,5.2,296.0
716,1384128000,Clear,0.0,0.0,64.21,64.21,25.73,0.23,5.75,15.77,153.0
717,1357603200,Clear,0.0,0.0,61.26,61.26,21.8,0.22,5.27,13.66,0.0
718,1410825600,Partly Cloudy,0.0,0.0,87.56,87.56,49.69,0.27,5.66,11.61,142.0
719,1407628800,Clear,0.0,0.0,83.62,83.62,41.37,0.23,6.11,12.74,167.0
720,1406678400,Clear,0.0,0.0,84.83,84.83,35.15,0.17,5.96,16.7,350.0
721,1393804800,Overcast,0.0007,0.09,51.86,51.86,45.81,0.8,3.3,7.47,245.0
722,1406073600,Clear,0.0,0.0,86.02,86.02,50.27,0.29,5.33,12.47,220.0
723,1358380800,Clear,0.0,0.0,54.78,54.78,31.14,0.4,2.68,5.18,319.0
724,1397865600,Clear,0.0,0.0,69.3,69.3,41.21,0.36,4.6,11.52,288.0
725,1408406400,Clear,0.0,0.0,87.96,87.96,19.73,0.08,7.05,16.5,219.0
726,1407542400,Clear,0.0028,0.14,82.3,82.3,45.51,0.28,4.41,13.26,252.0
727,1406678400,Partly Cloudy,0.0,0.0,59.46,59.46,55.63,0.87,4.71,12.8,293.0
728,1357257600,Mostly Cloudy,0.0,0.0,51.49,51.49,33.06,0.49,2.44,4.92,239.0
729,1399680000,Clear,0.0,0.0,66.93,66.93,46.31,0.47,6.62,15.47,246.0
730,1419724800,Clear,0.0,0.0,47.85,47.85,32.03,0.54,1.5,3.86,244.0
731,1412121600,Clear,0.0,0.0,70.61,70.61,49.29,0.47,5.48,14.39,348.0
732,1358812800,Clear,0.0,0.0,66.83,66.83,26.91,0.22,3.52,7.01,148.0
733,1401840000,Clear,0.0,0.0,65.9,65.9,50.07,0.57,4.64,9.04,285.0
734,1405900800,Clear,0.0,0.0,83.47,83.47,46.88,0.28,9.1,18.11,223.0
735,1410739200,Clear,0.0,0.0,101.13,101.13,49.82,0.18,4.89,10.18,281.0
736,1358121600,Clear,0.0,0.0,37.11,34.15,13.69,0.38,3.83,8.65,335.0
737,1400544000,Clear,0.0,0.0,93.37,93.37,12.75,0.05,13.08,22.06,209.0
738,1404086400,Clear,0.0,0.0,97.69,97.69,49.03,0.19,4.02,8.72,298.0
739,1407801600,Partly Cloudy,0.0,0.0,89.7,89.7,52.52,0.28,6.46,13.76,267.0
740,1413417600,Clear,0.0,0.0,73.36,73.36,53.44,0.5,7.04,12.77,249.0
741,1358985600,Possible Drizzle,0.0045,0.58,51.44,51.44,46.31,0.83,2.74,4.98,338.0
742,1437436800,Clear,0.0,0.0,82.16,82.16,38.25,0.21,6.46,16.05,285.0
743,1435795200,Clear,0.0,0.0,77.79,77.79,54.43,0.44,2.34,7.75,217.0
744,1438300800,Clear,0.0,0.0,87.12,87.12,38.12,0.18,4.0,5.51,240.0
745,1440720000,Clear,0.0,0.0,84.82,84.82,45.93,0.26,8.19,14.46,260.0
746,1438128000,Clear,0.0,0.0,92.35,92.35,36.3,0.14,5.11,11.65,248.0
747,1433808000,Clear,0.0,0.0,78.39,78.39,52.86,0.41,5.59,13.21,229.0
748,1438300800,Mostly Cloudy,0.0,0.0,70.63,70.63,38.4,0.31,4.42,7.61,328.0
749,1438473600,Clear,0.0,0.0,89.6,89.6,45.77,0.22,6.13,13.34,283.0
750,1445817600,Clear,0.0,0.0,58.02,58.02,38.14,0.47,2.65,7.64,262.0
751,1446768000,Clear,0.0,0.0,64.19,64.19,33.72,0.32,5.48,10.48,255.0
752,1434672000,Clear,0.0,0.0,80.07,80.07,45.38,0.29,10.19,15.4,256.0
753,1431734400,Partly Cloudy,0.0,0.0,69.56,69.56,44.59,0.41,6.93,20.8,260.0
754,1433116800,Clear,0.0,0.0,78.96,78.96,40.77,0.26,6.21,16.83,234.0
755,1433462400,Clear,0.0,0.0,75.05,75.05,51.95,0.44,6.83,10.9,226.0
756,1428969600,Clear,0.0,0.0,81.13,81.13,48.51,0.32,13.16,21.32,308.0
757,1433721600,Clear,0.0,0.0,94.55,94.55,51.95,0.24,3.62,9.47,310.0
758,1442707200,Clear,0.0,0.0,92.68,92.68,41.55,0.17,4.71,8.62,313.0
759,1436486400,Clear,0.0,0.0,81.38,81.38,52.82,0.37,3.3,9.5,269.0
760,1441411200,Clear,0.0,0.0,78.09,78.09,48.13,0.35,6.14,12.45,241.0
761,1435708800,Clear,0.0,0.0,102.7,102.7,48.43,0.16,2.56,6.61,272.0
762,1438560000,Partly Cloudy,0.0,0.0,79.09,79.09,58.81,0.5,5.01,10.43,213.0
763,1438905600,Clear,0.0,0.0,91.01,91.01,53.84,0.28,3.96,8.69,281.0
764,1438646400,Clear,0.0,0.0,77.83,77.83,55.98,0.47,5.53,9.23,269.0
765,1436313600,Clear,0.0,0.0,73.12,73.12,56.22,0.55,7.05,13.2,319.0
766,1443916800,Clear,0.0,0.0,81.46,81.46,39.29,0.22,6.03,13.5,322.0
767,1447113600,Overcast,0.0,0.0,49.0,48.38,44.29,0.84,3.18,4.74,314.0
768,1446854400,Clear,0.0,0.0,63.83,63.83,35.19,0.34,6.2,9.91,48.0
769,1249516800,Clear,0.0,0.0,76.59,76.59,45.31,0.33,4.91,12.9,191.0
770,1366156800,Clear,0.0,0.0,61.45,61.45,37.31,0.41,8.07,17.86,275.0
771,1251936000,Clear,0.0,0.0,92.97,92.97,43.04,0.18,2.62,8.04,289.0
772,1345593600,Clear,0.0,0.0,76.95,76.95,25.36,0.15,7.36,16.7,250.0
773,1239494400,Overcast,0.0,0.0,52.42,52.42,34.61,0.51,4.52,8.76,256.0
774,1285545600,Clear,0.0,0.0,93.27,93.27,42.31,0.17,3.96,9.03,184.0
775,1242864000,Clear,0.0,0.0,78.04,78.04,35.22,0.21,3.46,9.36,227.0
776,1232064000,Clear,0.0,0.0,71.52,71.52,26.87,0.19,2.62,7.63,115.0
777,1434931200,Partly Cloudy,0.0,0.0,90.47,90.47,26.79,0.1,4.97,11.94,266.0
778,1280275200,Clear,0.0,0.0,69.9,69.9,51.87,0.53,7.85,11.81,221.0
779,1245715200,Clear,0.0,0.0,68.44,68.44,29.44,0.23,4.21,10.96,24.0
780,1254614400,Clear,0.0,0.0,69.23,69.23,28.13,0.21,3.54,10.39,231.0
781,1404259200,Clear,0.0,0.0,97.2,97.2,45.63,0.17,4.56,8.23,203.0
782,1240531200,Clear,0.0,0.0,55.16,55.16,35.64,0.48,5.8,15.61,300.0
783,1275696000,Clear,0.0,0.0,88.19,88.19,51.25,0.28,7.8,13.02,323.0
784,1245110400,Clear,0.0,0.0,75.71,75.71,45.8,0.35,4.23,9.63,221.0
785,1280016000,Clear,0.0,0.0,99.15,99.15,53.03,0.22,4.17,10.05,268.0
786,1433894400,Overcast,0.0,0.0,71.09,71.09,53.1,0.53,6.66,11.59,144.0
787,1278201600,Clear,0.0,0.0,85.87,85.87,38.24,0.19,9.2,16.1,227.0
788,1281744000,Clear,0.0,0.0,88.2,88.2,53.2,0.3,9.09,14.96,287.0
789,1249603200,Possible Drizzle,0.0048,0.39,58.61,58.61,52.39,0.8,1.91,6.63,148.0
790,1371168000,Clear,0.0,0.0,81.56,81.56,33.43,0.18,5.81,12.32,296.0
791,1245715200,Clear,0.0,0.0,90.89,90.89,32.63,0.13,5.92,12.7,25.0
792,1338163200,Partly Cloudy,0.0,0.0,66.36,66.36,42.32,0.42,3.72,7.24,188.0
793,1242691200,Mostly Cloudy,0.0,0.0,74.7,74.7,57.85,0.56,6.44,11.38,239.0
794,1341273600,Clear,0.0,0.0,72.92,72.92,55.08,0.54,9.77,15.19,247.0
795,1243036800,Partly Cloudy,0.0,0.0,81.3,81.3,39.07,0.22,4.61,7.8,191.0
796,1280102400,Mostly Cloudy,0.0,0.0,97.05,97.05,47.01,0.18,8.54,15.53,248.0
797,1435622400,Clear,0.0,0.0,96.81,96.81,54.72,0.25,6.9,12.71,307.0
798,1275004800,Mostly Cloudy,0.0,0.0,64.96,64.96,52.49,0.64,7.46,13.23,250.0
799,1428105600,Clear,0.0,0.0,75.67,75.67,30.71,0.19,6.12,13.12,260.0
800,1288569600,Clear,0.0,0.0,67.59,67.59,49.84,0.53,4.93,6.38,289.0
801,1423094400,Clear,0.0,0.0,66.29,66.29,34.47,0.31,3.15,8.27,182.0
802,1279238400,Clear,0.0,0.0,96.95,96.95,50.89,0.21,7.06,11.22,281.0
803,1434672000,Clear,0.0,0.0,85.81,85.81,35.12,0.16,7.28,14.96,305.0
